Shift,Shift 1,Shift 2,Shift 3,Shift 4,Shift 5
Employee 1,-0.0,3.333333333333333e-07,-0.0,1.0,1.0
Employee 2,0.0,1.0,1.0,1.111111111111111e-07,0.0
Employee 3,1.0,-4.4411111119455323e-07,-0.0,1.0,0.0
Employee 4,0.0,1.0000001107777778,-0.0,0.9999998888888889,0.0
Employee 5,0.0,0.0,1.0,0.0,-0.0
